,amplitude,duration,energy,rms,rise_time,counts,label
0,3.81e-05,3e-07,1.433660002,3.59e-06,1e-07,1,0.0
1,3.35e-05,1e-07,1.271079046,3.58e-06,1e-07,1,0.0
2,3.81e-05,2e-07,1.39074382,3.62e-06,1e-07,1,0.0
3,3.35e-05,1e-07,1.324932829,3.56e-06,1e-07,0,0.0
4,3.35e-05,1e-07,1.46193092,3.63e-06,1e-07,0,0.0
5,3.65e-05,2e-07,1.48121076,3.59e-06,1e-07,1,0.0
6,3.5e-05,2e-07,1.391021895,3.62e-06,1e-07,0,0.0
7,0.000129392,0.0009578,19.80382494,3.61e-06,1.78e-05,7,0.0
8,3.65e-05,2e-07,1.437645738,3.62e-06,1e-07,1,0.0
9,3.35e-05,1e-07,1.354316046,3.62e-06,1e-07,1,0.0
10,3.5e-05,1e-07,1.537659906,3.67e-06,1e-07,1,0.0
11,3.35e-05,1e-07,1.483713431,3.64e-06,1e-07,1,0.0
12,3.5e-05,2e-07,1.38592386,3.59e-06,1e-07,1,0.0
13,3.35e-05,1e-07,1.359321389,3.58e-06,1e-07,1,0.0
14,3.5e-05,1e-07,1.422815092,3.63e-06,1e-07,1,0.0
15,3.35e-05,1e-07,1.309267959,3.63e-06,1e-07,1,0.0
16,3.81e-05,3e-07,1.419570888,3.58e-06,1e-07,1,0.0
17,3.35e-05,1e-07,1.286373149,3.59e-06,1e-07,1,0.0
18,3.35e-05,1e-07,1.412897097,3.62e-06,1e-07,0,0.0
19,3.35e-05,1e-07,1.412711714,3.61e-06,1e-07,1,0.0
20,3.35e-05,1e-07,1.43959226,3.61e-06,1e-07,1,0.0
21,3.35e-05,1e-07,1.294159238,3.59e-06,1e-07,1,0.0
22,3.35e-05,1e-07,1.362658284,3.63e-06,1e-07,1,0.0
23,3.35e-05,1e-07,1.394080715,3.6e-06,1e-07,0,0.0
24,3.5e-05,2e-07,1.44802719,3.61e-06,1e-07,1,0.0
25,3.35e-05,1e-07,1.270986354,3.59e-06,1e-07,1,0.0
26,3.35e-05,1e-07,1.348569171,3.65e-06,1e-07,1,0.0
27,3.35e-05,1e-07,1.284519319,3.6e-06,1e-07,1,0.0
28,3.65e-05,1e-07,1.36117522,3.6e-06,1e-07,1,0.0
29,3.5e-05,1e-07,1.382957731,3.68e-06,1e-07,1,0.0
30,3.35e-05,1e-07,1.423371241,3.6e-06,1e-07,1,0.0
31,3.65e-05,2e-07,1.313902536,3.6e-06,1e-07,1,0.0
32,3.35e-05,1e-07,1.416419376,3.59e-06,1e-07,1,0.0
33,3.35e-05,1e-07,1.355428344,3.58e-06,1e-07,1,0.0
34,3.65e-05,1e-07,1.47759579,3.59e-06,1e-07,0,0.0
35,3.35e-05,1e-07,1.3099168,3.58e-06,1e-07,1,0.0
36,3.35e-05,1e-07,1.249852684,3.59e-06,1e-07,1,0.0
37,3.35e-05,1e-07,1.416882833,3.59e-06,1e-07,1,0.0
38,3.81e-05,9e-07,1.376932781,3.61e-06,8e-07,1,0.0
39,3.5e-05,1e-07,1.354130663,3.61e-06,1e-07,1,0.0
40,3.5e-05,1e-07,1.245032724,3.61e-06,1e-07,1,0.0
41,3.35e-05,1e-07,1.17607022,3.59e-06,1e-07,1,0.0
42,3.35e-05,1e-07,1.336055813,3.61e-06,1e-07,1,0.0
43,3.5e-05,8e-07,1.554437074,3.65e-06,8e-07,1,0.0
44,3.35e-05,1e-07,1.415955918,3.62e-06,1e-07,1,0.0
45,3.35e-05,1e-07,1.558330119,3.59e-06,1e-07,0,0.0
46,3.35e-05,1e-07,1.289524662,3.64e-06,1e-07,1,0.0
47,3.5e-05,1e-07,1.392504959,3.63e-06,1e-07,1,0.0
48,3.35e-05,1e-07,1.412619023,3.57e-06,1e-07,1,0.0
49,3.5e-05,1e-07,1.422537017,3.65e-06,1e-07,1,0.0
50,3.5e-05,1e-07,1.371278597,3.59e-06,1e-07,0,0.0
51,3.65e-05,2e-07,1.594294435,3.6e-06,1e-07,0,0.0
52,3.35e-05,1e-07,1.345695733,3.6e-06,1e-07,0,0.0
53,3.5e-05,1e-07,1.401866804,3.65e-06,1e-07,1,0.0
54,3.5e-05,2e-07,1.442280314,3.64e-06,1e-07,1,0.0
55,3.35e-05,1e-07,1.444134145,3.59e-06,1e-07,0,0.0
56,3.5e-05,1e-07,1.410765192,3.64e-06,1e-07,0,0.0
57,3.5e-05,1e-07,1.40640869,3.67e-06,1e-07,0,0.0
58,3.35e-05,1e-07,1.479913078,3.64e-06,1e-07,0,0.0
59,3.35e-05,1e-07,1.441816857,3.65e-06,1e-07,0,0.0
60,3.65e-05,2e-07,1.491870287,3.62e-06,1e-07,1,0.0
61,3.5e-05,1e-07,1.452012926,3.65e-06,1e-07,1,0.0
62,3.65e-05,2e-07,1.428191201,3.59e-06,1e-07,1,0.0
63,3.35e-05,1e-07,1.368219776,3.58e-06,1e-07,1,0.0
64,3.35e-05,1e-07,1.288134289,3.63e-06,1e-07,1,0.0
65,3.35e-05,1e-07,1.294900771,3.65e-06,1e-07,0,0.0
66,3.35e-05,2e-07,4.5660778,3.61e-06,1e-07,1,0.0
67,3.5e-05,1e-07,1.502622505,3.63e-06,1e-07,1,0.0
68,3.5e-05,1e-07,1.292490791,3.59e-06,1e-07,1,0.0
69,3.35e-05,1e-07,1.380455059,3.64e-06,1e-07,1,0.0
70,3.5e-05,1e-07,1.386850775,3.62e-06,1e-07,1,0.0
71,3.5e-05,1e-07,1.297774208,3.6e-06,1e-07,1,0.0
72,3.35e-05,1e-07,1.349032628,3.59e-06,1e-07,1,0.0
73,3.35e-05,9e-07,1.476946949,3.6e-06,1e-07,1,0.0
74,3.35e-05,1e-07,1.326045127,3.58e-06,1e-07,0,0.0
75,3.65e-05,2e-07,1.327157426,3.61e-06,1e-07,1,0.0
76,3.35e-05,1e-07,1.374615493,3.64e-06,1e-07,0,0.0
77,3.35e-05,1e-07,1.329567406,3.65e-06,1e-07,0,0.0
78,3.35e-05,1e-07,1.419756271,3.59e-06,1e-07,0,0.0
79,3.35e-05,1e-07,1.259956061,3.59e-06,1e-07,1,0.0
80,3.35e-05,1e-07,1.45405214,3.61e-06,1e-07,1,0.0
81,3.35e-05,1e-07,1.454886363,3.68e-06,1e-07,1,0.0
82,3.5e-05,2e-07,1.510964743,3.67e-06,1e-07,1,0.0
83,3.5e-05,1e-07,1.258287614,3.58e-06,1e-07,1,0.0
84,3.35e-05,1e-07,1.486494178,3.62e-06,1e-07,0,0.0
85,0.000167449,1.06e-05,5.56723909,3.62e-06,4e-07,3,0.0
86,4.57e-05,0.0010655,33.87681022,3.63e-06,7.03e-05,10,0.0
87,4.57e-05,0.0003166,15.7386522,4.26e-06,3.4e-05,5,0.0
88,3.96e-05,0.0001081,15.83301219,4.26e-06,2.02e-05,4,0.0
89,5.02e-05,0.0004019,22.57363344,4.26e-06,3.34e-05,6,0.0
90,3.96e-05,0.000749,17.29957768,4.4e-06,3e-07,4,0.0
91,9.59e-05,0.0011624,127.5599612,3.6e-06,0.0001386,26,0.0
92,3.35e-05,1e-07,1.343934594,3.65e-06,1e-07,1,0.0
93,3.35e-05,1e-07,1.451827543,3.64e-06,1e-07,1,0.0
94,3.35e-05,1e-07,1.439777643,3.64e-06,1e-07,1,0.0
95,6.09e-05,2.21e-05,5.044180748,3.57e-06,1.73e-05,6,0.0
96,4.57e-05,5.3e-06,3.145672688,3.62e-06,2.6e-06,2,0.0
97,4.26e-05,7.6e-06,3.866349388,3.6e-06,2.8e-06,2,0.0
98,3.35e-05,1e-07,1.314458685,3.63e-06,1e-07,1,0.0
99,3.35e-05,1e-07,1.374152035,3.59e-06,1e-07,1,0.0
100,3.35e-05,1e-07,1.389816905,3.6e-06,1e-07,1,0.0
101,3.5e-05,1e-07,1.332440843,3.59e-06,1e-07,1,0.0
102,3.5e-05,1e-07,1.319649411,3.61e-06,1e-07,0,0.0
103,3.5e-05,1e-07,1.37266897,3.59e-06,1e-07,0,0.0
104,3.35e-05,1e-07,1.396027238,3.6e-06,1e-07,1,0.0
105,3.35e-05,1e-07,1.420034346,3.57e-06,1e-07,1,0.0
106,5.94e-05,9.95e-05,9.130487153,3.6e-06,3.44e-05,8,0.0
107,3.35e-05,1e-07,1.281645881,3.63e-06,1e-07,1,0.0
108,3.35e-05,1e-07,1.359043314,3.62e-06,1e-07,1,0.0
109,3.65e-05,9e-07,1.566486974,3.62e-06,8e-07,1,0.0
110,3.81e-05,1e-06,1.541738334,3.61e-06,8e-07,1,0.0
111,4.26e-05,7.29e-05,9.249781161,3.61e-06,6e-06,4,0.0
112,3.35e-05,1e-07,1.333367759,3.61e-06,1e-07,1,0.0
113,6.55e-05,0.0001121,5.92484304,3.62e-06,5.64e-05,8,0.0
114,3.35e-05,1e-07,1.501973664,3.64e-06,1e-07,1,0.0
115,3.35e-05,1e-07,1.395100322,3.62e-06,1e-07,1,0.0
116,3.35e-05,1e-07,1.403906018,3.62e-06,1e-07,1,0.0
117,3.5e-05,8e-07,1.431806171,3.63e-06,7e-07,1,0.0
118,3.35e-05,1e-07,1.270430205,3.64e-06,1e-07,1,0.0
119,6.39e-05,8.15e-05,5.057435637,3.61e-06,3.53e-05,4,0.0
120,3.5e-05,2e-07,1.369054,3.59e-06,1e-07,1,0.0
121,3.65e-05,2e-07,1.377118164,3.61e-06,1e-07,1,0.0
122,3.35e-05,1e-07,1.309453342,3.61e-06,1e-07,1,0.0
123,3.35e-05,1e-07,1.376191249,3.62e-06,1e-07,1,0.0
124,3.5e-05,2e-07,1.345695733,3.6e-06,1e-07,1,0.0
125,3.35e-05,1e-07,1.355428344,3.59e-06,1e-07,1,0.0
126,3.35e-05,1e-07,1.342822295,3.63e-06,1e-07,1,0.0
127,3.65e-05,2e-07,1.490016456,3.63e-06,1e-07,1,0.0
128,3.35e-05,1e-07,1.374800876,3.63e-06,1e-07,1,0.0
129,3.35e-05,1e-07,1.432084245,3.6e-06,1e-07,1,0.0
130,3.5e-05,1e-07,1.330123555,3.63e-06,1e-07,1,0.0
131,3.5e-05,2e-07,1.271727887,3.64e-06,1e-07,1,0.0
132,3.65e-05,2e-07,1.478059248,3.66e-06,1e-07,1,0.0
133,3.35e-05,1e-07,1.417995132,3.62e-06,1e-07,1,0.0
134,3.35e-05,1e-07,1.545075229,3.64e-06,1e-07,0,0.0
135,3.35e-05,1e-07,1.26106836,3.61e-06,1e-07,0,0.0
136,3.65e-05,2e-07,1.472868522,3.65e-06,1e-07,1,0.0
137,3.35e-05,1e-07,1.374522801,3.61e-06,1e-07,0,0.0
138,3.81e-05,2e-07,1.520141205,3.67e-06,1e-07,1,0.0
139,3.35e-05,1e-07,1.37748893,3.69e-06,1e-07,1,0.0
140,3.65e-05,1e-07,1.385089636,3.6e-06,1e-07,1,0.0
141,3.5e-05,2e-07,1.512540499,3.64e-06,1e-07,1,0.0
142,3.65e-05,2e-07,1.376654706,3.61e-06,1e-07,1,0.0
143,3.65e-05,2e-07,1.382865039,3.61e-06,1e-07,0,0.0
144,3.35e-05,1e-07,1.41243364,3.63e-06,1e-07,1,0.0
145,3.5e-05,1e-07,1.263756414,3.65e-06,1e-07,1,0.0
146,3.35e-05,1e-07,1.429859649,3.66e-06,1e-07,1,0.0
147,3.35e-05,1e-07,1.479727695,3.63e-06,1e-07,1,0.0
148,3.35e-05,1e-07,1.406686764,3.66e-06,1e-07,1,0.0
149,3.35e-05,1e-07,1.462672453,3.61e-06,1e-07,1,0.0
150,3.65e-05,2e-07,1.395656471,3.64e-06,1e-07,1,0.0
151,3.35e-05,1e-07,1.362287518,3.62e-06,1e-07,1,0.0
152,3.35e-05,1e-07,1.406872147,3.64e-06,1e-07,1,0.0
153,3.5e-05,1e-07,1.380547751,3.69e-06,1e-07,1,0.0
154,3.35e-05,1e-07,1.450900627,3.65e-06,1e-07,1,0.0
155,3.35e-05,1e-07,1.427264285,3.66e-06,1e-07,1,0.0
156,3.81e-05,1e-06,1.568896954,3.67e-06,9e-07,1,0.0
157,3.5e-05,2e-07,1.317610197,3.62e-06,1e-07,1,0.0
158,3.35e-05,1e-07,1.392041501,3.6e-06,1e-07,1,0.0
159,3.35e-05,1e-07,1.516526236,3.66e-06,1e-07,0,0.0
160,3.35e-05,1e-07,1.437089588,3.62e-06,1e-07,1,0.0
161,3.35e-05,1e-07,1.45952094,3.64e-06,1e-07,1,0.0
162,3.5e-05,1e-07,1.526351538,3.63e-06,1e-07,0,0.0
163,3.35e-05,1e-07,1.365717105,3.63e-06,1e-07,1,0.0
164,3.35e-05,1e-07,1.40158873,3.64e-06,1e-07,1,0.0
165,3.35e-05,1e-07,1.298237666,3.66e-06,1e-07,1,0.0
166,3.5e-05,1e-07,1.404369476,3.62e-06,1e-07,0,0.0
167,3.5e-05,2e-07,1.43236232,3.62e-06,1e-07,1,0.0
168,3.35e-05,1e-07,1.439406877,3.59e-06,1e-07,1,0.0
169,3.35e-05,1e-07,1.505217868,3.61e-06,1e-07,1,0.0
170,3.35e-05,1e-07,1.310843715,3.63e-06,1e-07,0,0.0
171,3.35e-05,9e-07,1.418273206,3.63e-06,1e-07,1,0.0
172,3.35e-05,1e-07,1.346344574,3.6e-06,1e-07,1,0.0
173,3.35e-05,1e-07,1.480747302,3.61e-06,1e-07,0,0.0
174,3.5e-05,1e-07,1.385089636,3.6e-06,1e-07,1,0.0
175,4.57e-05,0.0003179,18.82852459,4.35e-06,5.13e-05,5,0.0
176,3.35e-05,1e-07,1.217874104,3.62e-06,1e-07,1,0.0
177,3.35e-05,1e-07,1.302038019,3.6e-06,1e-07,1,0.0
178,3.35e-05,1e-07,1.411321341,3.66e-06,1e-07,1,0.0
179,3.35e-05,1e-07,1.427635052,3.63e-06,1e-07,1,0.0
180,3.96e-05,3e-07,1.584005674,3.58e-06,2e-07,0,0.0
181,3.35e-05,1e-07,1.476205417,3.65e-06,1e-07,1,0.0
182,3.35e-05,1e-07,1.517175076,3.64e-06,1e-07,1,0.0
183,3.35e-05,1e-07,1.339578092,3.63e-06,1e-07,1,0.0
184,3.35e-05,1e-07,1.327342809,3.61e-06,1e-07,0,0.0
185,3.5e-05,1e-07,1.264405255,3.59e-06,1e-07,1,0.0
186,3.65e-05,2e-07,1.420127037,3.59e-06,1e-07,1,0.0
187,3.35e-05,1e-07,1.357189484,3.64e-06,1e-07,1,0.0
188,3.5e-05,1e-07,1.218615636,3.65e-06,1e-07,1,0.0
189,3.35e-05,1e-07,1.418180515,3.58e-06,1e-07,1,0.0
190,3.35e-05,1e-07,1.332718918,3.62e-06,1e-07,1,0.0
191,3.35e-05,1e-07,1.288134289,3.6e-06,1e-07,1,0.0
192,3.35e-05,1e-07,1.269225215,3.64e-06,1e-07,1,0.0
193,3.35e-05,1e-07,1.462579761,3.66e-06,1e-07,1,0.0
194,3.35e-05,1e-07,1.427449669,3.64e-06,1e-07,1,0.0
195,3.35e-05,1e-07,1.20980994,3.61e-06,1e-07,1,0.0
196,3.35e-05,1e-07,1.30268686,3.66e-06,1e-07,1,0.0
197,3.35e-05,1e-07,1.363399817,3.61e-06,1e-07,0,0.0
198,3.81e-05,3e-07,1.458223259,3.61e-06,1e-07,1,0.0
199,3.35e-05,1e-07,1.303057626,3.66e-06,1e-07,1,0.0
200,3.35e-05,1e-07,1.397232228,3.65e-06,1e-07,0,0.0
201,3.35e-05,1e-07,1.349588778,3.66e-06,1e-07,1,0.0
202,3.35e-05,1e-07,1.423000475,3.64e-06,1e-07,1,0.0
203,3.65e-05,2e-07,1.488904158,3.64e-06,1e-07,1,0.0
204,3.5e-05,1e-07,1.342914987,3.64e-06,1e-07,1,0.0
205,3.35e-05,1e-07,1.349959544,3.62e-06,1e-07,1,0.0
206,0.000219206,0.0007335,48.40954553,3.61e-06,1.63e-05,18,0.0
207,3.35e-05,1e-07,1.321595933,3.59e-06,1e-07,1,0.0
208,3.5e-05,1e-07,1.336890037,3.65e-06,1e-07,1,0.0
209,3.35e-05,1e-07,1.300554955,3.62e-06,1e-07,0,0.0
210,3.35e-05,1e-07,1.311399864,3.61e-06,1e-07,1,0.0
211,3.35e-05,1e-07,1.310565641,3.63e-06,1e-07,1,0.0
212,3.35e-05,1e-07,1.369146692,3.6e-06,1e-07,1,0.0
213,3.35e-05,1e-07,1.355057578,3.6e-06,1e-07,1,0.0
214,3.5e-05,1e-07,1.51559932,3.59e-06,1e-07,1,0.0
215,3.5e-05,1e-07,1.40640869,3.61e-06,1e-07,0,0.0
216,3.5e-05,2e-07,1.378415846,3.66e-06,1e-07,1,0.0
217,3.35e-05,1e-07,1.355891802,3.65e-06,1e-07,0,0.0
218,3.35e-05,1e-07,1.510408594,3.64e-06,1e-07,1,0.0
219,3.35e-05,1e-07,1.296476527,3.67e-06,1e-07,1,0.0
220,5.78e-05,6.44e-05,7.823814557,3.64e-06,6e-07,3,0.0
221,4.87e-05,5.01e-05,5.836322622,3.61e-06,5e-07,2,0.0
222,3.81e-05,2e-07,1.360433687,3.61e-06,1e-07,1,0.0
223,3.5e-05,1e-06,1.371000523,3.6e-06,9e-07,1,0.0
224,3.35e-05,9e-07,1.316775973,3.6e-06,1e-07,1,0.0
225,3.5e-05,2e-07,1.258751071,3.63e-06,1e-07,1,0.0
226,3.81e-05,5e-07,2.558842568,3.61e-06,2e-07,0,0.0
227,3.5e-05,3e-07,2.774535775,3.59e-06,1e-07,0,0.0
228,3.5e-05,1e-07,1.285446234,3.61e-06,1e-07,1,0.0
229,3.65e-05,3e-07,3.453779357,3.62e-06,1e-07,1,0.0
230,3.65e-05,1e-07,1.389260755,3.58e-06,1e-07,1,0.0
231,3.96e-05,6.43e-05,7.314289178,3.64e-06,5.1e-06,3,1.0
232,0.000133959,8e-05,15.15654935,3.65e-06,3.9e-06,12,1.0
233,3.96e-05,4e-07,2.274186858,3.66e-06,2e-07,1,1.0
234,8.52e-05,0.000361,27.67055568,3.6e-06,9.64e-05,9,1.0
235,6.55e-05,8.8e-05,7.615258599,3.62e-06,4.53e-05,4,1.0
236,0.000120259,6.09e-05,11.48939408,3.58e-06,1.31e-05,8,1.0
237,4.72e-05,0.0001103,9.415791703,3.61e-06,4.97e-05,5,1.0
238,3.5e-05,1e-07,1.36182406,3.6e-06,1e-07,1,1.0
239,4.57e-05,1.68e-05,3.439319477,3.57e-06,2.7e-06,2,1.0
240,3.35e-05,1e-07,1.297403442,3.6e-06,1e-07,1,1.0
241,3.35e-05,1e-07,1.418365898,3.58e-06,1e-07,0,1.0
242,3.35e-05,1e-07,1.344861509,3.62e-06,1e-07,1,1.0
243,0.000132437,0.0007324,29.9428887,3.61e-06,5.6e-06,23,1.0
244,9.44e-05,0.0004035,34.50173656,3.62e-06,8.64e-05,14,1.0
245,3.35e-05,1e-07,1.250686908,3.6e-06,1e-07,1,1.0
246,0.000141571,0.0007029,85.74495507,3.61e-06,8.19e-05,20,1.0
247,3.35e-05,1e-07,1.408077137,3.62e-06,1e-07,1,1.0
248,8.98e-05,0.0001116,14.61986535,3.66e-06,4.14e-05,12,1.0
249,4.72e-05,3.23e-05,4.243882018,3.6e-06,2.2e-05,4,1.0
250,0.000193328,0.0001264,28.98418014,3.62e-06,6e-06,12,1.0
251,0.000164405,0.0007606,93.03514445,3.6e-06,4.6e-06,36,1.0
252,4.57e-05,5.4e-06,4.120602274,3.56e-06,3e-06,2,1.0
253,8.37e-05,0.0002266,21.9771634,3.59e-06,8.58e-05,6,1.0
254,5.02e-05,0.0003633,12.08679103,3.62e-06,6.78e-05,5,1.0
255,3.35e-05,1e-07,1.41187749,3.67e-06,1e-07,0,1.0
256,0.000115692,0.0005061,16.70737146,3.64e-06,5.9e-06,12,1.0
257,3.65e-05,3e-07,5.091268048,3.59e-06,1e-07,0,1.0
258,9.74e-05,0.0001131,15.59117997,3.61e-06,3.64e-05,11,1.0
259,3.65e-05,2e-07,1.35033031,3.63e-06,1e-07,1,1.0
260,5.63e-05,0.0001018,12.1068124,3.62e-06,1.58e-05,5,1.0
261,0.000146137,0.0008244,28.7404014,3.62e-06,1.59e-05,12,1.0
262,7.46e-05,2.98e-05,5.840308358,3.64e-06,3.3e-06,3,1.0
263,0.000100469,0.0001356,24.24235918,3.66e-06,6.53e-05,12,1.0
264,0.000258785,0.0007776,99.19004788,3.6e-06,4.51e-05,36,1.0
265,3.35e-05,1e-07,1.334109291,3.65e-06,1e-07,1,1.0
266,3.65e-05,2e-07,1.436996897,3.68e-06,1e-07,1,1.0
267,0.000101992,0.0003957,27.19782884,3.68e-06,0.0001008,16,1.0
268,3.35e-05,1e-07,1.423742007,3.63e-06,1e-07,1,1.0
269,3.35e-05,1e-07,1.403349869,3.62e-06,1e-07,1,1.0
270,3.35e-05,1e-07,1.366458637,3.6e-06,1e-07,1,1.0
271,3.5e-05,1e-07,1.372483587,3.6e-06,1e-07,1,1.0
272,3.35e-05,1e-07,1.275250165,3.64e-06,1e-07,0,1.0
273,4.26e-05,2.45e-05,3.103127273,3.63e-06,8.7e-06,1,1.0
274,4.41e-05,1.43e-05,3.150863415,3.61e-06,3e-07,0,1.0
275,0.00011417,0.0003062,37.08579123,3.62e-06,0.000113,10,1.0
276,6.55e-05,0.000118,12.28654129,3.58e-06,1.55e-05,8,1.0
277,6.09e-05,0.0001694,17.11725343,3.56e-06,4.92e-05,6,1.0
278,0.000141571,0.0008248,59.84527121,3.64e-06,7.44e-05,24,1.0
279,0.00016136,0.0008421,59.07685836,3.6e-06,6.4e-06,31,1.0
280,0.00027553,0.0009358,103.8872842,3.64e-06,7.45e-05,52,1.0
281,0.000155271,0.0009226,75.83752745,3.6e-06,8.52e-05,25,1.0
282,9.89e-05,0.0004618,31.89302595,3.61e-06,7.27e-05,35,1.0
283,3.35e-05,1e-07,1.322152083,3.61e-06,1e-07,1,1.0
284,0.000327287,0.0006354,79.79712453,3.58e-06,5.05e-05,38,1.0
285,6.55e-05,0.0003839,34.45937653,3.59e-06,6.92e-05,9,1.0
286,0.000150704,0.0012612,124.895821,3.59e-06,9.52e-05,35,1.0
287,3.35e-05,1e-07,1.260234136,3.62e-06,1e-07,1,1.0
288,0.000216162,0.0006956,78.35614189,3.59e-06,9.72e-05,20,1.0
289,0.000267919,0.0010121,129.6281875,3.6e-06,0.0001361,38,1.0
290,0.000245085,0.001329,94.31011654,3.62e-06,0.0001047,43,1.0
291,0.000149182,0.0006886,50.5160534,3.56e-06,8.6e-06,16,1.0
292,4.57e-05,3.4e-06,1.922515167,3.58e-06,3.2e-06,0,1.0
293,0.000197894,0.0011422,103.4761972,3.65e-06,0.0001095,29,1.0
294,0.000424712,0.0012152,272.691179,3.58e-06,6.07e-05,51,1.0
295,0.000219206,0.0013323,114.9365789,3.61e-06,9.94e-05,25,1.0
296,0.000158315,0.0006256,57.88827479,3.61e-06,7.6e-06,24,1.0
297,0.000150704,0.0007451,86.04230952,3.68e-06,9.24e-05,40,1.0
298,3.35e-05,1e-07,1.451364085,3.67e-06,1e-07,1,1.0
299,0.000182672,0.0013355,125.8642622,3.63e-06,8.87e-05,30,1.0
300,0.000118737,0.0001868,14.04369476,3.63e-06,8.53e-05,8,1.0
301,0.000254218,0.0009452,119.4336015,3.58e-06,9.66e-05,26,1.0
302,0.000126348,0.0003583,27.38951494,3.6e-06,0.0001179,17,1.0
303,0.00024204,0.0013522,174.0461573,3.62e-06,0.0001002,34,1.0
304,0.000249651,0.0011099,165.6563683,3.6e-06,0.000103,33,1.0
305,0.000193328,0.0008033,87.77128476,3.62e-06,9.62e-05,22,1.0
306,5.78e-05,4.13e-05,5.442847048,3.61e-06,6.8e-06,2,1.0
307,0.000238995,0.0012826,165.8200615,3.62e-06,8.9e-05,38,1.0
308,0.000207028,0.0006446,75.90528497,3.59e-06,8.26e-05,32,1.0
309,0.000216162,0.0007973,78.4272363,3.61e-06,0.0001085,46,1.0
310,0.000123303,0.0007747,73.13362263,3.63e-06,0.0001357,21,1.0
311,0.000112648,0.0007164,54.78116178,3.67e-06,8.64e-05,29,1.0
312,0.00019485,0.0012463,171.7865231,3.6e-06,9.96e-05,27,1.0
313,0.000126348,0.0008062,76.64227538,3.58e-06,6.82e-05,21,1.0
314,0.000243562,0.0002965,51.52500078,3.62e-06,6.9e-05,20,1.0
315,0.000251174,0.0010796,122.1967362,3.66e-06,9.54e-05,26,1.0
316,0.000159838,0.0009787,153.7121368,3.61e-06,8.11e-05,20,1.0
317,0.000193328,0.0009273,86.57732507,3.63e-06,7.79e-05,60,1.0
318,0.000245085,0.0012958,104.2029916,3.59e-06,0.0001188,24,1.0
319,3.35e-05,1e-07,1.4884407,3.62e-06,1e-07,1,1.0
320,0.000246607,0.00082,133.4702517,3.61e-06,9.88e-05,27,1.0
321,3.65e-05,5e-07,2.800118639,3.66e-06,2e-07,1,1.0
322,0.000191805,0.0006868,104.3749344,3.63e-06,9.55e-05,22,1.0
323,7.46e-05,0.0001689,11.13280973,3.6e-06,5.61e-05,9,1.0
324,0.000596728,0.001306,1160.208474,3.59e-06,0.0001017,342,1.0
325,0.000115692,0.0001523,15.06172591,3.6e-06,3.43e-05,10,1.0
326,0.00011417,8.15e-05,14.4156659,3.65e-06,2.32e-05,10,1.0
327,0.000404922,0.0012848,296.3083338,3.58e-06,5.45e-05,121,1.0
328,0.000108081,0.001046,74.69593848,3.59e-06,0.0001083,31,1.0
329,0.000124826,0.0006516,33.4630352,3.6e-06,9.03e-05,19,1.0
330,0.000420145,0.0013127,187.7008257,3.6e-06,9.5e-05,46,1.0
331,3.35e-05,1e-07,1.480839994,3.64e-06,1e-07,1,1.0
332,0.000219206,0.0007672,65.74314101,3.63e-06,0.000132,25,1.0
333,0.000278574,0.0013113,121.9976348,3.62e-06,9.62e-05,44,1.0
334,0.000149182,0.0007275,57.6734158,3.62e-06,8.52e-05,27,1.0
335,0.000179627,0.0012525,191.6106474,3.61e-06,9.28e-05,29,1.0
336,9.59e-05,0.0006469,29.78067851,3.59e-06,4.84e-05,11,1.0
337,8.07e-05,0.0002765,17.06803423,3.64e-06,6.14e-05,10,1.0
338,0.000205506,0.0013492,164.4967044,3.58e-06,0.0001163,24,1.0
339,0.000184194,0.0008936,87.69129196,3.58e-06,0.0001061,61,1.0
340,0.000159838,0.0008347,76.5357728,3.6e-06,0.0001113,26,1.0
341,3.81e-05,4e-07,2.217923095,3.58e-06,1e-07,0,1.0
342,0.000179627,0.0008881,167.8400882,3.65e-06,8.16e-05,22,1.0
343,0.000185716,0.0006782,100.1130702,3.61e-06,0.0001178,27,1.0
344,0.000124826,0.0004602,45.43720602,3.68e-06,7.22e-05,19,1.0
345,6.85e-05,0.0002162,18.15873554,3.59e-06,9.69e-05,23,1.0
346,0.000245085,0.0008754,77.88795694,3.58e-06,6.2e-05,54,1.0
347,0.000172016,0.0004109,57.45892759,3.58e-06,9.67e-05,25,1.0
348,4.41e-05,4.82e-05,7.188784837,3.64e-06,4e-07,2,1.0
349,0.00014766,0.001231,97.04016037,3.57e-06,8.38e-05,26,1.0
350,0.000133959,0.000551,62.23597133,3.59e-06,0.000107,19,1.0
351,0.000634784,0.0009513,359.6829279,3.64e-06,0.0001128,85,1.0
352,3.5e-05,2e-07,1.442465698,3.64e-06,1e-07,1,1.0
353,0.000548015,0.0011392,498.6539588,3.58e-06,4.44e-05,48,1.0
354,0.000490169,0.0012965,428.6935383,3.57e-06,9.72e-05,40,1.0
355,0.000178105,0.001336,171.3056394,3.59e-06,6.66e-05,29,1.0
356,0.001141698,0.0010813,792.6613179,3.6e-06,0.0001161,124,1.0
357,0.000103514,0.0009322,33.87226834,3.64e-06,0.000144,25,1.0
358,0.000267919,0.0013912,169.2951599,3.63e-06,0.0001205,48,1.0
359,3.5e-05,1e-07,1.504661719,3.65e-06,1e-07,1,1.0
360,0.001064063,0.0009819,564.0648934,3.66e-06,0.0001188,104,1.0
361,4.72e-05,7.2e-06,2.46364836,3.67e-06,1.1e-06,2,1.0
362,0.000190283,0.0001263,34.58210013,3.66e-06,6.35e-05,19,1.0
363,0.000187239,0.0008536,198.3004737,3.59e-06,0.0001034,31,1.0
364,3.5e-05,3.15e-05,5.350340894,3.61e-06,3.1e-06,0,1.0
365,0.000153749,0.0013669,176.3120947,3.59e-06,0.000102,26,1.0
366,0.000796144,0.0009106,716.7308208,3.6e-06,0.0001224,267,1.0
367,0.000130915,0.0004469,35.52143616,3.63e-06,0.000124,18,1.0
368,0.000952937,0.0009843,1042.668931,3.58e-06,0.0001331,328,1.0
369,0.000123303,0.000636,46.10847813,3.58e-06,6.02e-05,18,1.0
370,4.57e-05,3.61e-05,7.191843658,3.58e-06,4.7e-06,2,1.0
371,0.000359254,0.0016416,383.1265641,3.57e-06,0.0001276,50,1.0
372,0.000264874,0.0013343,184.1207078,3.58e-06,6.56e-05,37,1.0
373,3.35e-05,1e-07,5.494105468,3.59e-06,1e-07,0,1.0
374,0.001260435,0.0013462,1227.382216,3.62e-06,0.0001223,180,1.0
375,0.000368388,0.0012947,312.0314138,3.61e-06,0.0001081,70,1.0
376,5.33e-05,7.56e-05,6.268357876,3.6e-06,4e-07,4,1.0
377,0.00017506,0.000139,37.05724224,3.64e-06,5.2e-06,10,1.0
378,3.35e-05,1e-07,3.318449713,3.58e-06,1e-07,0,1.0
379,0.00025574,0.0013022,231.3863471,3.58e-06,0.0001095,90,1.0
380,0.000286186,0.0009157,132.8871292,3.59e-06,5.17e-05,40,1.0
381,3.35e-05,1e-07,1.416512067,3.64e-06,1e-07,1,1.0
382,0.000718509,0.0009393,537.0393781,3.59e-06,0.0001295,94,1.0
383,0.000340987,0.0009467,209.1812552,3.61e-06,7.1e-05,47,1.0
384,3.5e-05,1e-07,1.234187814,3.62e-06,1e-07,1,1.0
385,3.35e-05,1e-07,1.352554907,3.64e-06,1e-07,1,1.0
386,0.000465813,0.0013198,352.4603107,3.62e-06,3.96e-05,56,1.0
387,0.000155271,0.0013,178.7077074,3.61e-06,0.0001021,50,1.0
388,0.000293797,0.0009925,140.7964054,3.58e-06,0.0001314,54,1.0
389,0.000360777,0.0005787,111.1872062,3.57e-06,5.29e-05,33,1.0
390,8.52e-05,6.51e-05,11.08664935,3.6e-06,1.61e-05,8,1.0
391,0.001045796,0.001022,744.8962566,3.61e-06,0.0001346,123,1.0
392,0.000199417,0.0011788,124.526538,3.59e-06,8.23e-05,31,1.0
393,0.00049778,0.0017903,738.0229938,3.62e-06,0.0001142,45,1.0
394,0.000281619,0.0012732,132.0174972,3.6e-06,4.33e-05,36,1.0
395,0.000421667,0.0008937,270.076258,3.63e-06,6.2e-05,82,1.0
396,7.92e-05,0.0005179,34.92431728,3.58e-06,7.89e-05,31,1.0
397,0.000907269,0.0013945,917.9999264,3.6e-06,0.0001436,140,1.0
398,0.000260307,0.0008377,167.2920958,3.63e-06,8.08e-05,54,1.0
399,0.000892047,0.0012412,672.4993463,3.57e-06,0.0001421,137,1.0
400,0.00014766,0.0004366,69.51763308,3.64e-06,7.07e-05,19,1.0
401,0.001047318,0.0014253,624.0997188,3.64e-06,0.0001349,105,1.0
402,6.55e-05,2.32e-05,4.334534341,3.67e-06,3.1e-06,3,1.0
403,0.000249651,0.0006949,93.21209259,3.61e-06,5.26e-05,45,1.0
404,0.00075961,0.0012378,535.6603134,3.63e-06,0.0001273,90,1.0
405,0.000153749,0.000845,89.72058778,3.63e-06,8e-05,17,1.0
406,0.000124826,0.0010568,77.83308355,3.63e-06,0.0001027,21,1.0
407,3.35e-05,1e-07,1.36599518,3.61e-06,1e-07,1,1.0
408,0.000371432,0.0011185,271.6834366,3.63e-06,6.36e-05,54,1.0
409,7.76e-05,9.59e-05,9.617488488,3.61e-06,6.66e-05,7,1.0
410,0.000299886,0.0013243,171.310552,3.63e-06,0.000134,59,1.0
411,0.00014766,0.0003385,37.41660733,3.64e-06,2.04e-05,73,1.0
412,8.83e-05,0.0008356,99.53439694,3.61e-06,0.000242,16,1.0
413,0.000246607,0.0013013,338.9548757,3.59e-06,0.0001382,40,1.0
414,0.000243562,0.0012484,212.3528815,3.6e-06,0.0001703,40,1.0
415,3.35e-05,1e-07,4.197258175,3.6e-06,1e-07,1,1.0
416,0.000181149,0.0004862,98.82632629,3.59e-06,7.33e-05,12,1.0
417,0.000429279,0.0013324,307.6512752,3.6e-06,6.41e-05,81,1.0
418,0.00022834,0.0011187,294.8136827,3.6e-06,8.55e-05,36,1.0
419,0.000168971,0.0006204,72.35529179,3.57e-06,7.24e-05,26,1.0
420,9.13e-05,0.0010174,105.9074963,3.62e-06,7.1e-05,20,1.0
421,0.000401878,0.0013355,403.3865241,3.63e-06,0.0001351,57,1.0
422,0.000864646,0.0014326,916.2365626,3.61e-06,7.56e-05,69,1.0
423,6.7e-05,0.0001319,11.09146931,3.64e-06,3.05e-05,7,1.0
424,6.7e-05,0.0001712,9.849680788,3.62e-06,9e-05,25,1.0
425,6.55e-05,0.0004112,22.04909204,3.6e-06,6.76e-05,12,1.0
426,0.000278574,0.0012037,193.4920076,3.65e-06,6.38e-05,37,1.0
427,3.65e-05,0.0001152,12.28144326,3.6e-06,1.6e-05,2,1.0
428,0.000374477,0.0014946,357.2390229,3.63e-06,0.0001381,57,1.0
429,5.02e-05,0.0001249,7.080706505,3.63e-06,8.76e-05,4,1.0
430,0.00011417,0.0001802,20.13964638,3.61e-06,5.28e-05,10,1.0
431,8.98e-05,0.0005968,46.54459181,3.63e-06,6.67e-05,26,1.0
432,0.000727642,0.0009005,371.1532275,3.59e-06,3.91e-05,43,1.0
433,0.000141571,0.0011308,63.07010247,3.63e-06,5.04e-05,31,1.0
434,0.000735254,0.001144,483.4479122,3.58e-06,6.25e-05,46,1.0
435,0.000316631,0.000759,78.95335347,3.59e-06,4.8e-06,19,1.0
436,0.000190283,0.0010085,162.25394,3.61e-06,0.0001039,39,1.0
437,5.63e-05,0.0002314,12.98682585,3.58e-06,7.39e-05,18,1.0
0,3.35e-05,1e-07,1.385275019,3.63e-06,1e-07,0,0.0
1,3.5e-05,1e-07,1.458686717,3.62e-06,1e-07,0,0.0
2,3.35e-05,1e-07,1.434494225,3.59e-06,1e-07,1,0.0
3,3.35e-05,1e-07,1.386109243,3.66e-06,1e-07,1,0.0
4,3.35e-05,1e-07,1.453125224,3.61e-06,1e-07,1,0.0
5,3.35e-05,1e-07,1.390002288,3.68e-06,1e-07,1,0.0
6,3.35e-05,1e-07,1.331143162,3.59e-06,1e-07,1,0.0
7,3.35e-05,1e-07,1.456276737,3.57e-06,1e-07,1,0.0
8,3.35e-05,1e-07,1.366180563,3.63e-06,1e-07,1,0.0
9,3.81e-05,2e-07,1.234280506,3.58e-06,1e-07,1,0.0
10,3.5e-05,1e-07,1.262087967,3.58e-06,1e-07,1,0.0
11,3.35e-05,1e-07,1.414658236,3.62e-06,1e-07,1,0.0
12,3.65e-05,9e-07,1.375542408,3.6e-06,1e-07,1,0.0
13,3.65e-05,2e-07,1.37989891,3.64e-06,1e-07,1,0.0
14,3.35e-05,1e-07,1.418736664,3.63e-06,1e-07,1,0.0
15,3.35e-05,1e-07,1.24901846,3.65e-06,1e-07,1,0.0
16,3.35e-05,1e-07,1.316775973,3.6e-06,1e-07,1,0.0
17,3.65e-05,3e-07,1.410950575,3.61e-06,1e-07,1,0.0
18,3.35e-05,1e-07,1.494743724,3.64e-06,1e-07,1,0.0
19,3.35e-05,1e-07,1.45164216,3.56e-06,1e-07,0,0.0
20,3.35e-05,1e-07,1.313346387,3.62e-06,1e-07,1,0.0
21,3.5e-05,1e-07,1.410394426,3.57e-06,1e-07,1,0.0
22,3.35e-05,1e-07,1.267556767,3.65e-06,1e-07,1,0.0
23,0.000409489,0.0013241,544.1716211,3.67e-06,0.0001436,186,0.0
24,3.35e-05,1e-07,1.345788425,3.6e-06,1e-07,0,0.0
25,3.35e-05,1e-07,1.425595838,3.59e-06,1e-07,1,0.0
26,3.35e-05,1e-07,1.366551329,3.63e-06,1e-07,1,0.0
27,3.5e-05,1e-07,1.402979103,3.65e-06,1e-07,1,0.0
28,3.5e-05,1e-07,1.373039736,3.61e-06,1e-07,1,0.0
29,3.35e-05,1e-07,1.441631474,3.69e-06,1e-07,0,0.0
30,3.5e-05,1e-07,1.443763379,3.61e-06,1e-07,1,0.0
31,3.5e-05,2e-07,1.386294626,3.64e-06,1e-07,1,0.0
32,3.35e-05,1e-07,1.426708136,3.6e-06,1e-07,1,0.0
33,3.35e-05,1e-07,1.535249926,3.67e-06,1e-07,1,0.0
34,3.5e-05,1e-07,1.344676126,3.62e-06,1e-07,1,0.0
35,3.65e-05,3e-07,1.436996897,3.62e-06,1e-07,1,0.0
36,3.35e-05,1e-07,1.402237571,3.62e-06,1e-07,1,0.0
37,4.72e-05,0.0001179,11.82058094,3.78e-06,5.18e-05,3,0.0
38,0.000278574,0.0014436,507.9937435,3.64e-06,0.0001066,582,0.0
39,6.55e-05,0.0001668,21.33406952,3.6e-06,6.32e-05,7,0.0
40,5.63e-05,1.69e-05,2.552261469,3.59e-06,1.59e-05,5,0.0
41,8.52e-05,1.03e-05,2.681936929,3.58e-06,1.2e-06,3,0.0
42,3.96e-05,3.34e-05,2.305701981,3.62e-06,3.33e-05,0,0.0
43,4.26e-05,0.0001067,3.095248492,3.61e-06,1e-07,2,0.0
44,3.35e-05,1e-07,1.281182423,3.61e-06,1e-07,0,0.0
45,3.35e-05,1e-07,1.479727695,3.59e-06,1e-07,0,0.0
46,3.35e-05,1e-07,1.445709901,3.64e-06,1e-07,1,0.0
47,3.65e-05,3e-07,1.434494225,3.66e-06,1e-07,1,0.0
48,3.35e-05,1e-07,1.405296391,3.66e-06,1e-07,1,0.0
49,3.35e-05,1e-07,1.396676078,3.64e-06,1e-07,1,0.0
50,3.35e-05,1e-07,1.454515597,3.67e-06,1e-07,1,0.0
51,3.35e-05,1e-07,1.358394474,3.68e-06,1e-07,0,0.0
52,3.35e-05,1e-07,1.462765144,3.62e-06,1e-07,1,0.0
53,3.35e-05,1e-07,1.301667253,3.59e-06,1e-07,1,0.0
54,3.35e-05,1e-07,1.314087919,3.61e-06,1e-07,1,0.0
55,3.35e-05,1e-07,1.491036063,3.6e-06,1e-07,1,0.0
56,3.35e-05,1e-07,1.361360603,3.66e-06,1e-07,1,0.0
57,3.35e-05,1e-07,1.424112773,3.69e-06,1e-07,1,0.0
58,3.35e-05,1e-07,1.358023707,3.65e-06,1e-07,1,0.0
59,3.35e-05,1e-07,1.457481727,3.71e-06,1e-07,1,0.0
60,3.35e-05,1e-07,1.316497899,3.67e-06,1e-07,1,0.0
61,3.35e-05,1e-07,1.290915035,3.65e-06,1e-07,1,0.0
62,3.5e-05,1e-07,1.317702889,3.62e-06,1e-07,1,0.0
63,3.35e-05,1e-07,1.333645833,3.65e-06,1e-07,1,0.0
64,3.5e-05,1e-07,1.501232132,3.64e-06,1e-07,1,0.0
65,3.35e-05,1e-07,1.399271441,3.64e-06,1e-07,1,0.0
66,3.35e-05,1e-07,1.299906114,3.62e-06,1e-07,1,0.0
67,3.5e-05,1e-07,1.278865135,3.63e-06,1e-07,0,0.0
68,4.26e-05,6.69e-05,9.704433149,3.72e-06,1.76e-05,3,0.0
69,4.11e-05,3.8e-05,6.112079944,3.89e-06,3.47e-05,2,0.0
70,3.65e-05,6.8e-05,8.065090627,3.9e-06,1.5e-06,3,0.0
71,3.81e-05,1.64e-05,5.078291233,3.65e-06,1e-07,1,0.0
72,3.35e-05,1e-07,1.314922143,3.59e-06,1e-07,0,0.0
73,3.35e-05,1e-07,1.491592212,3.65e-06,1e-07,0,0.0
74,3.35e-05,1e-07,1.528576135,3.61e-06,1e-07,1,0.0
75,3.35e-05,1e-07,1.358023707,3.63e-06,1e-07,1,0.0
76,3.35e-05,1e-07,1.31232678,3.63e-06,1e-07,0,0.0
77,3.35e-05,1e-07,1.328825873,3.6e-06,1e-07,1,0.0
78,3.35e-05,1e-07,1.409374819,3.63e-06,1e-07,1,0.0
79,3.65e-05,2e-07,1.415029003,3.63e-06,1e-07,1,0.0
80,3.35e-05,1e-07,1.382586965,3.6e-06,1e-07,1,0.0
81,3.35e-05,1e-07,1.220469467,3.63e-06,1e-07,1,0.0
82,3.5e-05,2e-07,4.069529237,4.18e-06,1e-07,0,0.0
83,3.35e-05,1e-07,1.350144927,3.65e-06,1e-07,1,0.0
84,3.35e-05,1e-07,1.490201839,3.64e-06,1e-07,1,0.0
85,3.5e-05,1e-07,1.304633382,3.6e-06,1e-07,0,0.0
86,3.35e-05,1e-07,3.842620355,3.61e-06,1e-07,0,0.0
87,3.35e-05,1e-07,1.592347913,3.6e-06,1e-07,1,0.0
88,3.5e-05,1e-07,1.416975525,3.73e-06,1e-07,0,0.0
89,3.35e-05,1e-07,11.29882028,3.87e-06,1e-07,0,0.0
90,3.35e-05,1e-07,1.387036158,3.66e-06,1e-07,1,0.0
91,3.5e-05,1e-07,1.365717105,3.62e-06,1e-07,1,0.0
92,6.7e-05,0.0001497,7.570766661,3.64e-06,8.91e-05,11,0.0
93,6.85e-05,0.0001263,8.686031233,3.59e-06,1.33e-05,26,0.0
94,3.5e-05,2e-07,1.403720635,3.6e-06,1e-07,1,0.0
95,3.5e-05,1e-07,1.330401629,3.59e-06,1e-07,1,0.0
96,3.35e-05,1e-07,1.410209043,3.65e-06,1e-07,1,0.0
97,3.81e-05,0.0001048,5.130940026,3.85e-06,3.9e-06,3,0.0
98,3.65e-05,1.84e-05,6.172607518,3.85e-06,1.64e-05,1,0.0
99,4.57e-05,4.04e-05,10.71755165,4.33e-06,3.89e-05,2,0.0
100,3.65e-05,4.91e-05,3.586884404,3.87e-06,4.9e-05,0,0.0
101,3.35e-05,1e-07,1.405574466,3.67e-06,1e-07,0,0.0
102,3.35e-05,1e-07,1.338187719,3.61e-06,1e-07,1,0.0
103,0.00071242,0.0012354,1170.823879,3.64e-06,0.0001083,239,0.0
104,5.48e-05,9.72e-05,11.32607159,3.62e-06,3.24e-05,4,0.0
105,6.24e-05,0.0002126,11.87332242,3.76e-06,8.01e-05,30,0.0
106,3.5e-05,1e-06,1.354779504,3.62e-06,8e-07,1,0.0
107,3.35e-05,1e-07,1.348847245,3.61e-06,1e-07,1,0.0
108,0.000181149,0.0003972,51.79287932,3.69e-06,2.33e-05,109,0.0
109,0.000811367,0.0014864,1621.396699,3.61e-06,0.0001658,166,0.0
110,3.5e-05,1e-07,1.329011256,3.66e-06,1e-07,1,0.0
111,3.35e-05,1e-07,1.327806266,3.67e-06,1e-07,1,0.0
112,3.35e-05,1e-07,1.379435452,3.61e-06,1e-07,1,0.0
113,3.35e-05,1e-07,1.341246539,3.65e-06,1e-07,1,0.0
114,0.000716986,0.0016517,793.5033278,3.68e-06,5.36e-05,60,0.0
115,0.000111125,4.78e-05,9.017496169,3.69e-06,5.6e-06,5,0.0
116,0.000790055,0.0019957,1698.536635,3.62e-06,9.34e-05,262,0.0
117,3.5e-05,1e-07,1.314922143,3.6e-06,1e-07,1,0.0
118,3.5e-05,1e-07,1.477410407,3.58e-06,1e-07,1,0.0
119,3.35e-05,1e-07,1.399734899,3.6e-06,1e-07,1,0.0
120,3.35e-05,1e-07,1.349218011,3.59e-06,1e-07,1,0.0
121,3.5e-05,1e-07,1.381196592,3.65e-06,1e-07,1,0.0
122,6.55e-05,0.0002176,10.48007593,3.61e-06,8.29e-05,32,0.0
123,3.81e-05,2e-07,1.484176889,3.66e-06,1e-07,1,0.0
124,3.35e-05,1e-07,1.434957683,3.59e-06,1e-07,0,0.0
125,3.5e-05,1e-07,1.27070828,3.63e-06,1e-07,1,0.0
126,3.65e-05,2e-07,1.430786564,3.62e-06,1e-07,1,0.0
127,3.35e-05,1e-07,1.558515502,3.67e-06,1e-07,0,0.0
128,3.35e-05,1e-07,1.563057387,3.68e-06,1e-07,0,0.0
129,3.5e-05,1e-07,1.310380257,3.61e-06,1e-07,1,0.0
130,3.35e-05,1e-07,1.196369667,3.65e-06,1e-07,0,0.0
131,3.35e-05,1e-07,1.348383788,3.59e-06,1e-07,1,0.0
132,3.5e-05,1e-07,1.467492413,3.61e-06,1e-07,1,0.0
133,3.35e-05,1e-07,1.441075324,3.66e-06,1e-07,0,0.0
134,3.35e-05,1e-07,1.332348152,3.66e-06,1e-07,0,0.0
135,3.5e-05,9e-07,1.52162427,3.67e-06,9e-07,1,0.0
136,3.35e-05,1e-07,1.558144736,3.62e-06,1e-07,1,0.0
137,8.83e-05,0.0002636,23.0363496,3.66e-06,4.1e-06,28,0.0
138,0.000340987,0.0009034,180.1021589,3.61e-06,6.83e-05,49,0.0
139,3.81e-05,0.0001187,10.90237857,3.61e-06,3.53e-05,1,0.0
140,0.000118737,0.000732,116.2111802,3.59e-06,0.000172,36,0.0
141,0.000260307,0.0014358,363.0011922,3.64e-06,1.52e-05,48,0.0
142,3.5e-05,9e-07,1.483991506,3.66e-06,9e-07,1,0.0
143,3.35e-05,1e-07,1.369702841,3.67e-06,1e-07,0,0.0
144,3.35e-05,1e-07,1.429118116,3.65e-06,1e-07,1,0.0
145,7.61e-05,0.0003627,20.42217018,3.6e-06,0.0001323,19,0.0
146,0.000111125,0.0002142,13.39624437,3.66e-06,5.6e-06,10,0.0
147,3.35e-05,1e-07,1.415214386,3.64e-06,1e-07,1,0.0
148,3.81e-05,2e-07,1.363863274,3.65e-06,1e-07,1,0.0
149,0.000240518,0.0007492,56.51430813,3.64e-06,3.23e-05,22,0.0
150,5.94e-05,3.23e-05,4.233222491,3.61e-06,6.2e-06,4,0.0
151,0.000604339,0.0009109,425.8614411,3.65e-06,6.39e-05,40,0.0
152,3.35e-05,1e-07,1.331421236,3.67e-06,1e-07,1,0.0
153,3.35e-05,1e-07,1.255784942,3.63e-06,1e-07,1,0.0
154,3.5e-05,1e-07,1.257731464,3.59e-06,1e-07,1,0.0
155,3.35e-05,1e-07,1.378137771,3.59e-06,1e-07,1,0.0
156,3.5e-05,1e-07,1.349310703,3.58e-06,1e-07,1,0.0
157,3.35e-05,1e-07,1.362750976,3.58e-06,1e-07,1,0.0
158,3.35e-05,1e-07,1.233724356,3.61e-06,1e-07,1,0.0
159,0.00017506,0.0013497,276.9662981,3.63e-06,0.0001192,35,0.0
160,0.000327287,0.0006465,97.8656712,3.64e-06,4.2e-06,24,0.0
161,0.000118737,3.84e-05,7.293989732,3.6e-06,1.69e-05,5,0.0
162,5.33e-05,0.0004972,26.67449242,3.69e-06,0.0002809,10,0.0
163,0.000420145,0.0011444,211.7620656,3.65e-06,7.43e-05,38,0.0
164,3.35e-05,1e-07,1.379991602,3.65e-06,1e-07,1,0.0
165,0.000205506,0.0011133,164.0275926,3.6e-06,8.61e-05,52,0.0
166,3.35e-05,1e-07,1.32437668,3.64e-06,1e-07,1,0.0
167,3.35e-05,1e-07,2.880945659,3.67e-06,1e-07,0,0.0
168,4.26e-05,1.02e-05,3.375640392,3.67e-06,2.4e-06,4,0.0
169,3.35e-05,1e-07,1.325303595,3.59e-06,1e-07,1,0.0
170,0.000296842,0.0001198,53.39931634,3.66e-06,3.4e-06,13,0.0
171,7.15e-05,2.36e-05,3.88998573,3.68e-06,5e-07,4,0.0
172,3.35e-05,1e-07,1.491684904,3.65e-06,1e-07,0,0.0
173,0.000543448,0.0025665,1151.399256,3.66e-06,0.0001333,709,0.0
174,0.000666752,0.0012888,437.6857297,3.6e-06,6.85e-05,49,0.0
175,0.000535837,0.0010387,306.228182,3.64e-06,3.7e-05,40,0.0
176,3.81e-05,2e-07,5.387417509,3.65e-06,1e-07,1,0.0
177,3.5e-05,1e-07,1.314922143,3.59e-06,1e-07,0,0.0
178,0.00033642,0.001125,231.3534416,3.59e-06,6.2e-05,57,0.0
179,3.81e-05,1e-06,6.470981575,3.66e-06,3e-07,1,0.0
180,3.5e-05,1e-07,1.46128208,3.69e-06,1e-07,1,0.0
181,3.35e-05,1e-07,1.635542169,3.63e-06,1e-07,1,0.0
182,3.35e-05,1e-07,1.369424766,3.61e-06,1e-07,1,0.0
183,3.5e-05,2e-07,1.429118116,3.61e-06,1e-07,0,0.0
184,3.35e-05,1e-07,1.389631522,3.67e-06,1e-07,1,0.0
185,3.35e-05,8e-07,1.299813422,3.67e-06,1e-07,1,0.0
186,4.26e-05,2.1e-05,2.910143493,3.63e-06,2.01e-05,3,0.0
187,4.57e-05,9.73e-05,3.973778879,3.61e-06,8e-07,7,0.0
188,3.35e-05,1e-07,1.341061156,3.63e-06,1e-07,1,0.0
189,0.000118737,0.0004301,47.37686912,3.59e-06,8.27e-05,12,0.0
190,4.11e-05,7e-07,2.484874722,3.6e-06,3e-07,0,0.0
191,3.35e-05,1e-07,1.363677891,3.65e-06,1e-07,1,0.0
192,3.35e-05,1e-07,1.443763379,3.69e-06,1e-07,1,0.0
193,3.35e-05,1e-07,1.487050327,3.64e-06,1e-07,0,0.0
194,3.35e-05,1e-07,1.345973808,3.62e-06,1e-07,1,0.0
195,3.35e-05,1e-07,1.27979205,3.63e-06,1e-07,1,0.0
196,3.65e-05,1e-07,1.364141349,3.66e-06,1e-07,1,0.0
197,3.35e-05,1e-07,1.285075468,3.6e-06,1e-07,1,0.0
198,3.35e-05,1e-07,1.396490695,3.66e-06,1e-07,0,0.0
199,3.35e-05,1e-07,1.472126989,3.63e-06,1e-07,0,0.0
200,0.000380566,0.0008295,189.7612659,3.66e-06,7.51e-05,38,0.0
201,0.000121781,0.0014252,170.4755866,3.58e-06,5.38e-05,25,0.0
202,9.13e-05,0.0006434,16.540434,3.59e-06,4.08e-05,47,0.0
203,0.000286186,0.0011395,236.7182423,3.62e-06,8.38e-05,34,0.0
204,0.000205506,0.0002791,38.30329457,3.59e-06,2.47e-05,15,0.0
205,3.35e-05,1e-07,1.40158873,3.62e-06,1e-07,1,0.0
206,0.000439934,0.0008257,204.619812,3.59e-06,5.59e-05,53,0.0
207,0.000319675,0.0009344,168.7532852,3.66e-06,7.77e-05,60,0.0
208,0.000111125,0.0005746,14.76650336,3.62e-06,1.43e-05,10,0.0
209,0.000430801,0.0016793,343.1040269,3.66e-06,6.96e-05,70,0.0
210,0.000207028,0.0017205,542.7267454,3.66e-06,0.0001148,51,0.0
211,3.35e-05,1e-07,1.34912532,3.67e-06,1e-07,1,0.0
212,0.00033642,0.0009501,324.9603074,3.62e-06,0.0001065,219,0.0
213,0.000334898,0.0014294,349.0036579,3.58e-06,9.83e-05,35,0.0
214,0.000123303,0.0004362,105.9647796,3.66e-06,0.0001001,13,0.0
215,0.000771788,0.0009734,609.2182779,3.64e-06,7.87e-05,71,0.0
216,0.00024204,0.0014987,190.24354,3.58e-06,8.27e-05,26,0.0
217,0.000566282,0.0015184,693.5588635,3.66e-06,6.47e-05,48,0.0
218,0.000252696,0.0015312,257.7003621,3.59e-06,0.0001048,106,0.0
219,5.63e-05,0.0001038,9.864974891,3.64e-06,1.97e-05,9,0.0
220,0.000654574,0.0019195,880.1358043,3.6e-06,7.49e-05,73,0.0
221,5.78e-05,2.36e-05,5.631567017,3.6e-06,1.1e-06,2,0.0
222,0.000347076,0.0016307,297.8370953,3.62e-06,6.66e-05,47,0.0
223,0.00030902,0.0006824,100.9410837,3.62e-06,6.2e-06,19,0.0
224,0.0008068,0.0014208,828.9185395,3.64e-06,7.72e-05,82,0.0
225,0.000252696,9.74e-05,33.26847567,3.6e-06,5.7e-06,9,0.0
226,6.09e-05,6.51e-05,10.9743999,3.64e-06,5.8e-06,2,0.0
227,3.35e-05,1e-07,1.41604861,3.62e-06,1e-07,1,0.0
228,7.15e-05,0.0001331,9.674771858,3.65e-06,1.68e-05,9,0.0
229,3.35e-05,1e-07,1.380362368,3.66e-06,1e-07,1,0.0
230,6.85e-05,0.00014,19.94304763,3.63e-06,1.6e-05,13,0.0
231,0.000281619,0.0011356,158.4318045,3.63e-06,4.89e-05,33,0.0
232,5.02e-05,0.0001003,9.184897085,3.61e-06,1.61e-05,6,0.0
233,0.000135482,0.0007609,147.1403995,3.62e-06,0.0001116,16,0.0
234,3.35e-05,1e-07,1.321595933,3.59e-06,1e-07,1,0.0
235,0.000111125,0.0006288,48.26114638,3.64e-06,0.0001161,19,0.0
236,0.000126348,0.0004034,42.80430291,3.63e-06,3.16e-05,12,0.0
237,7.92e-05,0.0004023,25.77918487,3.6e-06,1.77e-05,8,0.0
238,3.35e-05,1e-07,1.260697594,3.66e-06,1e-07,1,0.0
239,3.35e-05,1e-07,1.444690294,3.64e-06,1e-07,0,0.0
240,7.15e-05,0.0001497,27.37607466,3.64e-06,7e-07,6,0.0
241,3.96e-05,0.0001665,10.14277143,3.68e-06,1.31e-05,2,0.0
242,3.35e-05,2e-07,3.890819954,3.66e-06,1e-07,0,0.0
243,0.000132437,0.0006864,62.97314712,3.58e-06,3.84e-05,19,0.0
244,3.35e-05,1e-07,1.276362463,3.61e-06,1e-07,1,0.0
245,0.000165927,0.0006297,41.03194803,3.63e-06,2.01e-05,25,0.0
246,7.61e-05,9.75e-05,15.21587193,3.61e-06,1.83e-05,7,0.0
247,5.63e-05,5.76e-05,6.948991831,3.67e-06,2.4e-05,2,0.0
248,3.65e-05,2.2e-05,2.68620074,3.65e-06,3e-07,1,1.0
249,3.35e-05,1e-07,1.403442561,3.64e-06,1e-07,1,1.0
250,5.48e-05,0.0001241,8.58147518,3.65e-06,1.27e-05,4,1.0
251,3.35e-05,1e-07,3.050293097,3.61e-06,1e-07,1,1.0
252,3.35e-05,1e-07,1.416790142,3.6e-06,1e-07,1,1.0
253,0.00016136,0.0001265,19.65292312,3.61e-06,5.5e-06,7,1.0
254,3.5e-05,1e-07,1.411599416,3.63e-06,1e-07,1,1.0
255,0.000203983,9.56e-05,26.3636977,3.66e-06,6.2e-06,10,1.0
256,7.31e-05,0.0001111,17.1121554,3.64e-06,4.31e-05,7,1.0
257,6.55e-05,4.73e-05,6.628279114,3.65e-06,2.9e-06,6,1.0
258,3.35e-05,1e-07,1.45711096,3.61e-06,1e-07,0,1.0
259,3.35e-05,1e-07,1.574829212,3.65e-06,1e-07,1,1.0
260,8.68e-05,0.0004029,30.69331939,3.65e-06,6.9e-05,6,1.0
261,0.00011417,0.0011483,108.2896688,3.65e-06,0.0001109,23,1.0
262,3.5e-05,1e-07,1.381289283,3.64e-06,1e-07,1,1.0
263,0.000121781,9.68e-05,12.35337189,3.59e-06,3.7e-06,7,1.0
264,0.000117214,0.0007543,73.50624261,3.62e-06,9.24e-05,42,1.0
265,0.000412534,0.0012297,223.3828036,3.58e-06,5.81e-05,80,1.0
266,0.000251174,0.0012851,155.2890052,3.58e-06,9.05e-05,40,1.0
267,0.000152226,0.0012604,143.3139075,3.64e-06,0.0001328,50,1.0
268,0.000359254,0.0010379,333.4583602,3.67e-06,8.48e-05,128,1.0
269,9.59e-05,0.0001084,12.51576746,3.63e-06,2.86e-05,14,1.0
270,0.000170494,0.0006745,71.58437628,3.61e-06,0.0001005,102,1.0
271,0.000144615,0.000724,68.05672177,3.67e-06,0.0001619,32,1.0
272,8.22e-05,0.0001373,16.4363414,3.66e-06,3.71e-05,8,1.0
273,8.83e-05,0.0001171,10.50436111,3.64e-06,3e-05,6,1.0
274,0.00016136,0.0011257,116.2697612,3.64e-06,7.25e-05,46,1.0
275,0.000172016,0.001304,156.8097953,3.63e-06,8.95e-05,36,1.0
276,0.000197894,0.0014719,116.9072009,3.59e-06,0.0001008,27,1.0
277,0.00035621,0.0014757,367.2244041,3.61e-06,0.0001387,69,1.0
278,0.000123303,0.0012062,39.42801368,3.65e-06,8.56e-05,20,1.0
279,0.000173538,0.0007293,52.24790207,3.63e-06,2.95e-05,18,1.0
280,0.000237473,0.0014872,117.7134319,3.6e-06,0.0001116,46,1.0
281,0.000109603,0.0008676,66.83041274,3.6e-06,7.29e-05,27,1.0
282,0.00027553,0.0011486,160.2158385,3.61e-06,9.04e-05,60,1.0
283,0.000409489,0.0012928,286.7282,3.66e-06,6.24e-05,55,1.0
284,0.000235951,0.0012843,203.3225012,3.67e-06,0.0001229,60,1.0
285,0.000229862,0.0013319,130.400308,3.61e-06,0.0001309,48,1.0
286,7.76e-05,0.0004127,37.60727382,3.61e-06,7.79e-05,8,1.0
287,0.000126348,0.0011164,81.95989616,3.62e-06,7.61e-05,33,1.0
288,4.26e-05,1.29e-05,3.390100271,3.6e-06,6.6e-06,1,1.0
289,0.000197894,0.0006882,50.86559318,3.61e-06,1.53e-05,18,1.0
290,5.48e-05,0.0001351,9.054572784,3.65e-06,7.64e-05,17,1.0
291,0.000252696,0.0014739,249.6509363,3.58e-06,8.39e-05,54,1.0
292,7.92e-05,0.0002771,18.99731587,3.63e-06,0.0001166,23,1.0
293,0.000150704,0.0007246,65.09689561,3.58e-06,5.14e-05,31,1.0
294,0.000120259,0.0006621,35.85994565,3.62e-06,0.0001329,29,1.0
295,0.000162882,0.0012925,193.2763144,3.6e-06,9.73e-05,25,1.0
296,0.00033642,0.0011102,235.9132164,3.61e-06,0.0001031,105,1.0
297,0.000126348,0.00077,104.2935512,3.59e-06,0.0001304,21,1.0
298,3.5e-05,2e-07,1.304726074,3.61e-06,1e-07,1,1.0
299,0.000197894,0.0007381,44.22887914,3.6e-06,2.89e-05,26,1.0
300,0.000220728,0.0017143,367.3518549,3.6e-06,0.000114,43,1.0
301,0.000109603,0.0012924,54.15836734,3.62e-06,2.93e-05,15,1.0
302,0.000216162,0.0015649,243.8040469,3.6e-06,8.24e-05,41,1.0
303,0.000112648,0.0011129,67.58473646,3.63e-06,7.47e-05,19,1.0
304,0.000238995,0.0012245,84.60966912,3.58e-06,9.98e-05,23,1.0
305,0.000144615,0.0008751,70.68341454,3.61e-06,7.26e-05,32,1.0
306,0.000339465,0.0009316,193.8857612,3.64e-06,9.82e-05,46,1.0
307,0.000301408,0.0017499,728.0584682,3.6e-06,0.0001092,61,1.0
308,8.98e-05,0.0004992,29.61911717,3.61e-06,8.75e-05,33,1.0
309,6.7e-05,4.1e-06,2.443812371,3.6e-06,2e-07,3,1.0
310,9.74e-05,0.0007408,34.68229968,3.63e-06,3.22e-05,24,1.0
311,3.5e-05,1.46e-05,5.118426669,3.64e-06,1.44e-05,1,1.0
312,0.000602817,0.0010684,411.1330339,3.58e-06,0.0001117,81,1.0
313,4.87e-05,5.2e-06,2.496183089,3.62e-06,3e-07,0,1.0
314,7.76e-05,4.84e-05,7.655486726,3.65e-06,1.6e-05,4,1.0
315,5.48e-05,8.25e-05,7.809261985,3.66e-06,2.57e-05,5,1.0
316,0.000567805,0.0013258,454.7029689,3.58e-06,0.0001161,91,1.0
317,0.000213117,0.0014842,379.5550665,3.61e-06,8.06e-05,38,1.0
318,0.000170494,0.0011137,142.0725824,3.62e-06,9.36e-05,44,1.0
319,3.81e-05,6.67e-05,8.812925947,3.65e-06,1.61e-05,2,1.0
320,0.000220728,0.0009717,123.6063891,3.6e-06,9.93e-05,35,1.0
321,0.000138526,0.0011054,94.47139981,3.59e-06,8.37e-05,31,1.0
322,0.000144615,0.001442,239.355502,3.65e-06,0.0001432,47,1.0
323,0.000896614,0.0014038,715.5795919,3.58e-06,0.0001229,87,1.0
324,0.000135482,0.0009305,59.19939658,3.63e-06,6.64e-05,18,1.0
325,0.000955982,0.0025171,1329.261153,3.67e-06,0.0001194,243,1.0
326,4.57e-05,6.42e-05,5.563067971,3.66e-06,1.63e-05,3,1.0
327,0.000269441,0.0010784,122.9330778,3.64e-06,5.7e-05,51,1.0
328,0.000675885,0.0012878,609.4891226,3.6e-06,0.0001194,97,1.0
329,0.000193328,0.0012716,163.9940382,3.59e-06,6.01e-05,42,1.0
330,0.001016873,0.0014159,1344.399905,3.6e-06,0.0001215,284,1.0
331,8.07e-05,0.0001427,6.875765517,3.64e-06,0.0001109,6,1.0
332,0.000438412,0.0014981,467.4771604,3.59e-06,0.00011,143,1.0
333,0.000281619,0.0016495,267.6639608,3.6e-06,0.0001306,33,1.0
334,0.000130915,0.0008343,53.20577642,3.61e-06,5.44e-05,28,1.0
335,0.001007739,0.0010344,924.0886481,3.61e-06,0.0001157,134,1.0
336,0.000238995,0.001177,202.0550371,3.56e-06,8.47e-05,77,1.0
337,0.000473424,0.0011983,260.1417645,3.63e-06,0.0001208,57,1.0
338,3.96e-05,1.22e-05,2.565794433,3.62e-06,6.4e-06,0,1.0
339,0.00025574,0.0010519,206.5750472,3.63e-06,6.46e-05,51,1.0
340,0.000654574,0.0010048,617.3764308,3.62e-06,5.91e-05,117,1.0
341,0.000330331,0.0014732,249.9663656,3.6e-06,5.82e-05,35,1.0
342,0.000727642,0.0016625,1276.310185,3.62e-06,7.37e-05,53,1.0
343,0.000280097,0.0014454,254.4958303,3.61e-06,7.46e-05,68,1.0
344,9.89e-05,0.0005059,54.56435627,3.63e-06,6.99e-05,16,1.0
345,0.00022834,0.0012242,269.9445434,3.58e-06,8.12e-05,25,1.0
346,0.000203983,0.0015307,359.918179,3.57e-06,0.0001159,50,1.0
347,0.000179627,9.04e-05,23.95668387,3.58e-06,5.9e-06,7,1.0
348,0.000146137,0.0015044,140.2698247,3.61e-06,9.45e-05,29,1.0
349,0.000120259,0.0008349,71.59985577,3.58e-06,6.31e-05,15,1.0
350,0.000252696,0.0007925,115.3300544,3.64e-06,6.92e-05,47,1.0
351,0.000392744,0.0015878,712.1739195,3.63e-06,0.0001261,56,1.0
352,7.61e-05,7.68e-05,8.06944713,3.63e-06,7.5e-06,5,1.0
353,8.83e-05,0.0005571,38.94852036,3.65e-06,0.0001066,11,1.0
354,0.00022834,0.0016577,192.3557947,3.58e-06,0.0001199,56,1.0
355,0.000199417,0.0011203,128.0555829,3.64e-06,5.66e-05,42,1.0
356,0.000188761,0.0012651,144.2378568,3.63e-06,6.88e-05,36,1.0
357,0.000890525,0.0009673,548.4593462,3.63e-06,0.0001289,82,1.0
358,0.000133959,0.001238,114.3137844,3.65e-06,0.0001607,26,1.0
359,3.35e-05,1e-07,1.413545938,3.66e-06,1e-07,0,1.0
360,0.000362299,0.0013351,246.2314529,3.64e-06,0.0001325,67,1.0
361,0.000205506,0.0015233,282.7065922,3.61e-06,9.03e-05,41,1.0
362,0.000126348,0.0010045,140.2777962,3.62e-06,0.0001255,29,1.0
363,3.35e-05,1e-07,1.423000475,3.63e-06,1e-07,1,1.0
364,0.000614995,0.0012778,528.6721131,3.65e-06,0.0001044,168,1.0
365,0.00024204,0.001257,155.8712008,3.65e-06,8e-05,39,1.0
366,5.78e-05,0.0001808,21.66952019,3.67e-06,3.24e-05,8,1.0
367,0.000235951,0.0014027,220.7322891,3.65e-06,0.0001616,44,1.0
368,0.000313586,0.0007095,142.998849,3.63e-06,1.95e-05,27,1.0
369,3.5e-05,2e-07,1.377396239,3.66e-06,1e-07,0,1.0
370,3.96e-05,6e-07,2.466521797,3.67e-06,2e-07,1,1.0
371,0.001013828,0.0011749,726.8981555,3.62e-06,0.0001336,95,1.0
372,0.000176583,0.0013377,157.9819725,3.66e-06,5.37e-05,34,1.0
373,3.35e-05,1e-07,1.389631522,3.66e-06,1e-07,0,1.0
374,0.00073982,0.00133,624.0947134,3.66e-06,0.0001345,69,1.0
375,3.96e-05,2.67e-05,2.919227264,3.65e-06,1e-07,2,1.0
376,5.78e-05,0.0003686,20.17041997,3.63e-06,4.4e-06,4,1.0
377,3.35e-05,1e-07,1.353574514,3.6e-06,1e-07,0,1.0
378,0.001007739,0.0010713,1226.546509,3.65e-06,0.0001371,187,1.0
379,0.000292275,0.0015933,312.0809111,3.65e-06,0.0001075,46,1.0
380,0.00012787,0.0014166,154.541448,3.66e-06,0.0001504,30,1.0
381,0.001137131,0.0012379,1003.72588,3.65e-06,0.0001425,188,1.0
382,8.22e-05,0.0001134,9.358137567,3.66e-06,5.64e-05,7,1.0
383,0.000468857,0.0011432,412.4706655,3.66e-06,5.54e-05,38,1.0
384,0.000313586,0.001124,362.3007223,3.67e-06,9.4e-05,33,1.0
385,0.000143093,0.0010818,115.3060473,3.59e-06,9.05e-05,24,1.0
386,0.001009261,0.0014777,827.5824837,3.6e-06,0.0001339,81,1.0
387,0.000226817,0.0016685,388.6592293,3.65e-06,0.0001282,57,1.0
388,3.5e-05,1.14e-05,4.792523225,3.57e-06,1.13e-05,1,1.0
389,0.000318153,0.0011305,359.6792203,3.62e-06,6.38e-05,38,1.0
390,0.000129392,0.000598,86.52171015,3.59e-06,0.0001383,16,1.0
391,8.37e-05,0.0004655,32.13411664,3.59e-06,0.0001618,37,1.0
392,0.000605861,0.0015799,669.8285324,3.63e-06,7.43e-05,103,1.0
393,8.22e-05,3.44e-05,5.782561531,3.62e-06,5.3e-06,4,1.0
394,0.000231384,0.0013985,172.3963407,3.6e-06,8.3e-05,86,1.0
395,8.98e-05,0.0002186,33.01459355,3.6e-06,0.0001646,104,1.0
396,0.000742865,0.0017885,1085.321127,3.66e-06,8.17e-05,75,1.0
397,8.52e-05,0.000407,26.72018935,3.66e-06,1.66e-05,10,1.0
398,3.96e-05,1.61e-05,4.10289819,3.73e-06,7.8e-06,2,1.0
399,6.39e-05,0.0001887,13.219667,3.71e-06,3.12e-05,11,1.0
400,0.000579983,0.001619,1341.357398,3.63e-06,9.76e-05,258,1.0
401,7.61e-05,0.0005064,58.4149481,3.58e-06,6.47e-05,14,1.0
